{
  "0": {
    "0": 1,
    "1": 0
  },
  "1": {
    "0": 1,
    "1": 0
  },
  "2": {
    "0": 1,
    "1": 0
  },
  "9": {
    "2": 1,
    "3": 0
  },
  "10": {
    "2": 0.6666666666666666,
    "3": 0.3333333333333333
  },
  "11": {
    "2": 0,
    "3": 1
  },
  "3": {
    "0": 1,
    "1": 0
  },
  "4": {
    "2": 0.6666666666666666,
    "3": 0.3333333333333333
  },
  "5": {
    "0": 0,
    "1": 1
  },
  "6": {
    "2": 0,
    "3": 1
  },
  "7": {
    "0": 0.6666666666666666,
    "1": 0.3333333333333333
  },
  "8": {
    "2": 1,
    "3": 0
  }
}